Lambda,Reflection
400.0,0.3926485274273732
401.0,0.3979114821190291
402.0,0.4031941484419184
403.0,0.4084931147489742
403.99999999999994,0.4138116047143541
405.0,0.419145102803828
405.99999999999994,0.42449588047818515
407.0,0.4298619676761008
408.0,0.4352430888952662
408.99999999999994,0.440639504128188
410.0,0.4460513928327586
410.99999999999994,0.45148080879943364
412.0,0.4569252639411216
413.0,0.46238881127892795
414.0,0.46787056303098457
415.0,0.4733715716290148
415.99999999999994,0.4788944731701003
417.0,0.4844375795614534
417.99999999999994,0.4900049548235516
419.0,0.4955964561721927
420.0,0.5012137262625452
420.99999999999994,0.5068594626440629
422.0,0.5125323285723941
422.99999999999994,0.5182367926296325
424.0,0.5239730206494035
424.99999999999994,0.5297441426183848
426.0,0.5355487241628556
427.0,0.5413911440274658
427.99999999999994,0.5472732891501805
429.0,0.5531934363279811
429.99999999999994,0.5591564367119872
431.0,0.5651616693349413
431.99999999999994,0.5712106073721108
433.0,0.5773063019166349
434.0,0.5834479526813992
434.99999999999994,0.5896381235556437
436.0,0.5958757902975514
436.99999999999994,0.6021616174037583
438.0,0.608495391850149
438.99999999999994,0.6148792428917138
439.99999999999994,0.6213106339267981
441.0,0.627790586880694
441.99999999999994,0.6343162456922339
443.0,0.6408858454854955
444.0,0.6474987395698428
445.0,0.6541503440812051
446.0,0.6608372926634513
446.99999999999994,0.6675570062556809
448.0,0.6743046841088637
448.99999999999994,0.6810708712167434
450.0,0.687852248579404
451.0,0.6946410225188493
451.99999999999994,0.7014257185436419
453.0,0.7081973952250599
453.99999999999994,0.7149402358636056
455.0,0.7216461653513424
455.99999999999994,0.7282960983108954
457.0,0.7348733836872157
458.0,0.7413613311517478
458.99999999999994,0.7477375078770349
460.0,0.7539800203638394
460.99999999999994,0.7600680340300521
462.0,0.7659702315163007
462.99999999999994,0.771661853286286
464.0,0.7771125530393332
465.0,0.782288485599353
465.99999999999994,0.7871566200513422
467.0,0.7916792146430695
467.99999999999994,0.7958182040906225
469.0,0.7995357480038572
469.99999999999994,0.8027868396459388
470.99999999999994,0.8055308371873198
472.0,0.8077231402194968
472.99999999999994,0.8093186396575587
474.0,0.8102725979129187
474.99999999999994,0.8105399887792729
476.0,0.8100766386672262
476.99999999999994,0.8088396886387619
477.9999999999999,0.8067887467806611
479.0,0.8038863907274928
479.99999999999994,0.8000971496290631
480.99999999999994,0.7953905268380157
482.0,0.7897431598964092
482.99999999999994,0.783134070682934
483.99999999999994,0.7755528464463326
485.0,0.7669915749758314
486.0,0.757452344565126
486.99999999999994,0.7469490012880755
488.00000000000006,0.7354975289572863
489.0,0.7231295406633758
489.99999999999994,0.7098775992594187
490.99999999999994,0.6957913310532813
492.0,0.6809191377243835
493.0,0.6653210816537062
493.99999999999994,0.6490696491545627
494.99999999999994,0.6322322329801898
496.0,0.6148862723209328
496.99999999999994,0.5971186161217201
497.99999999999994,0.579006696302483
499.0,0.5606410752781885
500.0,0.5421000960232167
500.99999999999994,0.5234667564509481
502.0,0.5048278913651353
503.0,0.4862544465566554
503.99999999999994,0.46781992323874916
504.99999999999994,0.4495990379694275
506.0,0.4316479597537319
507.0,0.4140302785765418
507.99999999999994,0.39678393739905776
508.9999999999999,0.3799709336577588
510.0,0.3636112222267726
510.99999999999994,0.3477474280537646
511.99999999999994,0.33239938519208
513.0,0.3175910961472305
514.0,0.3033267416374317
514.9999999999999,0.2896294443746851
516.0,0.27648929637761466
517.0,0.26391581541620684
518.0,0.25190066551590934
518.9999999999999,0.240441201822571
520.0,0.22952000364529446
521.0,0.21913305324468182
521.9999999999999,0.20926611187459748
522.9999999999999,0.19989693622283985
524.0,0.19101557012233983
525.0,0.18260418868711895
525.9999999999999,0.17463869456375697
527.0,0.16710613965918422
528.0,0.15998479497102913
528.9999999999999,0.15325811142243959
530.0,0.14690502008255307
531.0,0.14090666355810483
532.0,0.13524505915464968
533.0,0.12990444223569747
534.0,0.12486540602842014
535.0,0.12011144362630653
535.9999999999999,0.11562623105586477
536.9999999999999,0.11139607903200041
538.0,0.10740442561841257
538.9999999999999,0.10363713872690522
539.9999999999999,0.10008199940073578
541.0,0.09672481392817575
542.0,0.09355353455328823
542.9999999999999,0.09055649365616597
544.0,0.08772380775601434
545.0,0.08504322189201423
545.9999999999999,0.08250769544136285
547.0,0.08010536154907166
548.0,0.07782853699001387
549.0,0.0756697654337952
549.9999999999999,0.07362146309151643
551.0,0.0716748026252873
552.0,0.06982402980460747
552.9999999999999,0.06806337561188078
553.9999999999999,0.0663863693713849
555.0,0.06478791470728715
556.0,0.06326192906519944
556.9999999999999,0.06180447052063567
558.0,0.060410643823258045
559.0,0.059076203616641294
559.9999999999999,0.05779775331742178
561.0,0.05657101165580482
562.0,0.05539273594730741
563.0,0.05425957763377424
564.0,0.05316878521393901
565.0,0.05211784457868261
566.0,0.051103932689650446
566.9999999999999,0.05012450950695845
567.9999999999999,0.04917739449163132
569.0,0.048260836626390295
569.9999999999999,0.04737246982457054
570.9999999999999,0.04651087111748711
572.0,0.04567430618373714
573.0,0.044861339717969184
573.9999999999999,0.04407005189757702
575.0,0.043299698845301236
576.0,0.04254877177110249
576.9999999999999,0.04181621527573212
578.0,0.04110106415309991
579.0,0.040402120423131495
580.0,0.0397188229928746
580.9999999999999,0.039050105276419764
581.9999999999999,0.038395327653970725
583.0,0.03775389507921843
583.9999999999999,0.03712480701532007
584.9999999999999,0.03650783294763027
586.0,0.03590222933007469
587.0,0.03530751104080391
587.9999999999999,0.034723116347809356
589.0,0.03414883904667318
590.0,0.033583943571437604
590.9999999999999,0.0330283560748296
592.0,0.03248152839132031
593.0,0.031943317424353336
594.0,0.031413150563385256
594.9999999999999,0.030890997546995
596.0,0.030376288348987843
597.0,0.029869143271787583
597.9999999999999,0.02936911587794501
598.9999999999999,0.028876197666400427
600.0,0.028389928937590528
600.9999999999999,0.027910330238580142
601.9999999999999,0.02743718996388945
603.0,0.026970263418387003
604.0,0.02650948986891032
604.9999999999999,0.026054686196732287
606.0,0.025605867767935282
607.0,0.025162682386085874
607.9999999999999,0.02472524728091139
609.0,0.024293389864222494
610.0,0.02386695171516568
611.0,0.02344597756711958
611.9999999999999,0.023030201444319186
612.9999999999999,0.022619716834565724
614.0,0.0222142962077209
614.9999999999999,0.02181401238038617
615.9999999999999,0.021418744659312903
617.0,0.02102847298685668
618.0,0.020643040131996183
618.9999999999999,0.02026251714719829
620.0,0.01988668503032086
621.0,0.019515651685112982
621.9999999999999,0.019149343295444262
623.0,0.01878765283238422
624.0,0.018430643497389737
625.0,0.018078154118139532
625.9999999999999,0.017730208181343757
626.9999999999999,0.01738670214499163
628.0,0.017047732889778195
628.9999999999999,0.016713146786973197
629.9999999999999,0.016383003580428993
631.0,0.016057158521622306
631.9999999999999,0.01573563999696749
632.9999999999999,0.015418440098499027
634.0,0.015105474583076478
635.0,0.014796712925350003
635.9999999999999,0.014492155490832074
637.0,0.014191856254356532
638.0,0.013895602492313325
638.9999999999999,0.013603449106477358
640.0,0.013315432579128105
640.9999999999999,0.013031400690306569
642.0,0.012751451062927532
642.9999999999999,0.012475482437967181
643.9999999999999,0.012203466248657776
645.0,0.011935388627743156
645.9999999999999,0.011671244864574123
646.9999999999999,0.011410944506754936
648.0,0.011154535133290983
649.0,0.01090188652290222
649.9999999999999,0.010653098016949225
651.0,0.010408051592181533
652.0,0.010166741110159794
652.9999999999999,0.009929162988149299
654.0,0.009695295896518687
654.9999999999999,0.009465043298537344
656.0,0.00923844187351598
657.0,0.009015422303691564
657.9999999999999,0.008795999501440763
659.0,0.008580107304286856
659.9999999999999,0.008367740361922199
660.9999999999999,0.00815885256761093
662.0,0.007953436610149531
662.9999999999999,0.007751461498172246
663.9999999999999,0.007552854910500404
665.0,0.0073576771787090016
666.0,0.007165792491039098
666.9999999999999,0.006977261744382136
668.0,0.006792009992346661
669.0,0.006610028071441234
669.9999999999999,0.00643125906220686
671.0,0.006255704890899297
671.9999999999999,0.006083324213379468
673.0,0.005914058354846175
673.9999999999999,0.005747885068364971
674.9999999999999,0.005584789207348501
676.0,0.0054246936199678596
676.9999999999999,0.005267629094467905
677.9999999999999,0.005113527537672784
679.0,0.004962364400474743
680.0,0.00481411806619396
680.9999999999999,0.004668752234888935
682.0,0.004526246078782747
683.0,0.004386586653122891
683.9999999999999,0.0042497174488495895
685.0,0.004115625254345955
685.9999999999999,0.003984302633788176
687.0,0.0038557086446839375
687.9999999999999,0.003729813995552986
688.9999999999999,0.003606617500096054
690.0,0.003486066321506635
690.9999999999999,0.003368148818370839
691.9999999999999,0.003252848052137531
693.0,0.0031401328276223304
693.9999999999999,0.0030299899195805904
694.9999999999999,0.0029223910677983423
696.0,0.0028173052177831465
697.0,0.002714732874287027
697.9999999999999,0.0026146286908587993
699.0,0.002516983954927915
699.9999999999999,0.0024217632961639536
700.9999999999999,0.0023289718817953724
702.0,0.002238566781280016
702.9999999999999,0.0021505286023830077
704.0,0.002064838238972111
704.9999999999999,0.00198148250814976
705.9999999999999,0.001900442538386308
707.0,0.0018216781364308247
707.9999999999999,0.0017451816682729007
708.9999999999999,0.0016709468323345413
710.0,0.001598924475238664
711.0,0.0015291059432268716
711.9999999999999,0.0014614862077277368
713.0,0.0013960310039417923
714.0,0.0013327116002306108
714.9999999999999,0.0012715311212010087
716.0,0.0012124499783728508
716.9999999999999,0.0011554519050894106
718.0,0.001100520182767551
718.9999999999999,0.0010476281466084672
719.9999999999999,0.000996784014615212
721.0,0.0009479328254159898
721.9999999999999,0.0009010658144206721
722.9999999999999,0.000856157631095155
724.0,0.0008132116341824803
724.9999999999999,0.0007721937727998868
725.9999999999999,0.0007330781869784271
727.0,0.0006958409844815006
728.0,0.0006604828848076115
728.9999999999999,0.0006269680965769751
730.0,0.0005952916176544525
730.9999999999999,0.0005654093099769801
731.9999999999999,0.0005373202160192335
733.0,0.0005109970089586854
733.9999999999999,0.00048642366073107395
735.0,0.00046358074868725326
735.9999999999999,0.00044244823283721947
736.9999999999999,0.0004230032690410682
738.0,0.00040522939447095325
738.9999999999999,0.00038909489827702767
739.9999999999999,0.0003746003563006511
741.0,0.0003617053072158291
742.0,0.00035041005382605006
742.9999999999999,0.0003406743972377162
744.0,0.00033249941475318296
744.9999999999999,0.00032584058983551884
745.9999999999999,0.0003206895763185617
747.0,0.00031703021541985523
747.9999999999999,0.00031483634730535584
749.0,0.00031409354528689175
749.9999999999999,0.0003147764418163251
750.9999999999999,0.0003168688139149341
752.0,0.00032033548924779315
752.9999999999999,0.00032517875162022897
753.9999999999999,0.00033137204220172516
755.0,0.0003388761802077508
755.9999999999999,0.0003476971277013742
756.9999999999999,0.00035778939223541533
758.0,0.00036916222519921363
759.0,0.0003817581445831704
759.9999999999999,0.0003955811138007943
761.0,0.0004106040142843824
761.9999999999999,0.00042680989794575936
762.9999999999999,0.0004441722048976238
763.9999999999999,0.00046267674128020825
764.9999999999999,0.00048229749038455205
766.0,0.0005030126392549831
766.9999999999999,0.0005248076383483571
767.9999999999999,0.0005476548303629406
769.0,0.0005715219661369287
769.9999999999999,0.0005964145710252591
770.9999999999999,0.0006222852881426033
772.0,0.0006491435594240029
773.0,0.0006769329100927545
773.9999999999999,0.0007056517278352056
775.0,0.0007352848415473437
775.9999999999999,0.0007657944853453111
776.9999999999999,0.0007971706086879606
778.0,0.0008293832291967218
778.9999999999999,0.0008624171270298473
780.0,0.0008962488566249701
780.9999999999999,0.0009308569412011566
781.9999999999999,0.0009662174282579306
783.0,0.0010023157492159017
783.9999999999999,0.0010391213749315006
784.9999999999999,0.0010766091701184723
786.0,0.0011147762063449859
786.9999999999999,0.001153586302760146
787.9999999999999,0.0011930041707594488
789.0,0.0012330313814762589
789.9999999999999,0.0012736521532657923
790.9999999999999,0.0013148114430117015
792.0,0.0013565191588078508
792.9999999999999,0.0013987261811109182
793.9999999999999,0.0014414221666205693
794.9999999999999,0.0014845872399265594
795.9999999999999,0.0015282020692629836
797.0,0.0015722293692606395
797.9999999999999,0.0016166552660000543
798.9999999999999,0.0016614602776286813
800.0,0.0017066066688469106
800.9999999999999,0.001752080974182518
801.9999999999999,0.0017978573581797135
803.0,0.0018438981607666399
804.0,0.0018901950866917732
804.9999999999999,0.0019367031949596345
806.0,0.0019833979273248415
806.9999999999999,0.0020302618315508293
807.9999999999999,0.0020772666627282576
808.9999999999999,0.0021243828677928243
809.9999999999999,0.0021716009092558105
811.0,0.0022188948913784545
811.9999999999999,0.0022662204314700014
812.9999999999999,0.0023135810215233325
814.0,0.0023609459717120443
814.9999999999999,0.0024082840175755496
815.9999999999999,0.0024555907050000476
817.0,0.0025028394698257913
817.9999999999999,0.0025500061389452603
818.9999999999999,0.00259707027165348
820.0,0.0026440155566120034
820.9999999999999,0.002690831501332946
821.9999999999999,0.0027374769875299714
823.0,0.0027839504232151143
823.9999999999999,0.0028302347994276934
824.9999999999999,0.002876315817825856
825.9999999999999,0.002922157793435979
826.9999999999999,0.0029677568288556063
828.0,0.0030130994851676903
828.9999999999999,0.0030581615056627705
829.9999999999999,0.0031029366073022256
831.0,0.003147401770084179
831.9999999999999,0.0031915548910050173
832.9999999999999,0.003235368780265933
834.0,0.003278831957522341
834.9999999999999,0.0033219347855295393
835.9999999999999,0.0033646725236865425
837.0,0.0034070236641375955
837.9999999999999,0.0034489772489119854
838.9999999999999,0.003490513135649196
839.9999999999999,0.003531644522396822
840.9999999999999,0.0035723356181190324
841.9999999999999,0.003612584936305647
842.9999999999999,0.003652398170917069
843.9999999999999,0.0036917492922195843
845.0,0.0037306466219204854
845.9999999999999,0.0037690540515338965
846.9999999999999,0.003806998381224307
848.0,0.0038444391894427235
848.9999999999999,0.003881390621108123
849.9999999999999,0.003917857296049984
851.0,0.003953803387115811
851.9999999999999,0.003989243658987892
852.9999999999999,0.004024158463844847
853.9999999999999,0.004058564545874577
854.9999999999999,0.004092437300211357
855.9999999999999,0.004125775867985946
856.9999999999999,0.004158600293297459
857.9999999999999,0.004190886603675871
859.0,0.004222647124072331
859.9999999999999,0.0042538446468494565
860.9999999999999,0.004284527063001582
862.0,0.004314644342309731
862.9999999999999,0.00434423816908931
863.9999999999999,0.0043732935245549
865.0,0.004401823871327397
865.9999999999999,0.0044297889459633715
866.9999999999999,0.004457229457507488
868.0,0.004484118396910137
868.9999999999999,0.004510490418093839
869.9999999999999,0.004536302418067584
870.9999999999999,0.004561614238503149
871.9999999999999,0.0045863861767044
872.9999999999999,0.004610617779007064
873.9999999999999,0.004634362106498302
874.9999999999999,0.00465756172763694
876.0,0.004680269402306394
876.9999999999999,0.004702445441369864
877.9999999999999,0.00472413473751344
878.9999999999999,0.0047453149906287245
879.9999999999999,0.004766006792948562
880.9999999999999,0.0047862223987436055
881.9999999999999,0.00480593880206871
883.0,0.004825187291337883
883.9999999999999,0.004843971391860334
884.9999999999999,0.00486229639087715
885.9999999999999,0.00488016602294368
886.9999999999999,0.00489756779467877
887.9999999999999,0.00491454357279758
888.9999999999999,0.004931088748250509
890.0,0.004947226330192799
890.9999999999999,0.004962928401955007
891.9999999999999,0.004978226020253367
893.0,0.0049931349517014926
893.9999999999999,0.005007662317555616
894.9999999999999,0.005021795043156317
895.9999999999999,0.005035558803669289
897.0,0.00504895171585459
897.9999999999999,0.005062006768742404
898.9999999999999,0.005074724481685022
900.0,0.005087099139971033
900.9999999999999,0.005099158908231205
901.9999999999999,0.0051109127858567594
902.9999999999999,0.005122338918411449
903.9999999999999,0.00513348963593316
904.9999999999999,0.005144367334177732
905.9999999999999,0.005154965839716624
907.0,0.0051653236296271094
907.9999999999999,0.005175423696830105
908.9999999999999,0.005185285517020275
909.9999999999999,0.005194924121113114
910.9999999999999,0.005204327305194685
911.9999999999999,0.005213548684395533
912.9999999999999,0.005222587082830609
914.0,0.005231432279287761
914.9999999999999,0.005240094727789561
915.9999999999999,0.005248618736703594
916.9999999999999,0.005256984761732636
917.9999999999999,0.005265219732071234
918.9999999999999,0.005273332027693614
919.9999999999999,0.005281345821696408
921.0,0.005289239248246689
921.9999999999999,0.005297054257725207
922.9999999999999,0.005304778891717472
923.9999999999999,0.005312451653520374
924.9999999999999,0.005320054221120407
925.9999999999999,0.005327619265566447
926.9999999999999,0.005335149645684996
928.0,0.005342674561375084
928.9999999999999,0.005350183964325172
929.9999999999999,0.005357696846406855
930.9999999999999,0.00536520890169885
931.9999999999999,0.005372743631375912
932.9999999999999,0.005380343945175773
933.9999999999999,0.005387963197703772
934.9999999999999,0.005395642424548666
935.9999999999999,0.005403408070280048
936.9999999999999,0.005411230148156303
938.0,0.005419162788914542
938.9999999999999,0.005427177542142437
939.9999999999999,0.0054353273518175415
940.9999999999999,0.00544358031518658
941.9999999999999,0.00545197806923704
942.9999999999999,0.005460500197446237
943.9999999999999,0.005469195664345478
945.0,0.00547804849528323
945.9999999999999,0.005487060928785482
946.9999999999999,0.005496281750279899
947.9999999999999,0.00550568172765374
948.9999999999999,0.0055152767439387166
949.9999999999999,0.005525091811487346
950.9999999999999,0.0055351374112378076
952.0,0.005545411700674332
952.9999999999999,0.00555592111328655
953.9999999999999,0.005566689835686511
954.9999999999998,0.005577698899010268
955.9999999999998,0.005588991922239729
956.9999999999999,0.0056005580347968644
958.0,0.0056124035990036715
959.0,0.0056245515660558465
959.9999999999999,0.005636998924356503
960.9999999999998,0.005649755552450758
961.9999999999999,0.0056628453632264495
962.9999999999999,0.0056762494136795485
964.0,0.0056899914820028145
964.9999999999999,0.0057040640967590695
965.9999999999999,0.005718497431651673
966.9999999999998,0.005733288046389841
967.9999999999999,0.005748460897272115
969.0,0.005763983287744327
970.0,0.005779897674863848
970.9999999999999,0.005796190848744901
971.9999999999998,0.00581289105126602
972.9999999999999,0.005829988570289199
973.9999999999999,0.005847495410621102
975.0,0.005865416706223863
975.9999999999999,0.005883757314996643
976.9999999999999,0.005902526359356789
977.9999999999998,0.005921732753136059
978.9999999999999,0.005941385518250572
979.9999999999999,0.005961475081261091
981.0,0.005982025116809581
981.9999999999999,0.006003030201211527
983.0,0.006024509340901252
983.9999999999998,0.006046456334039897
984.9999999999999,0.006068876246008158
986.0,0.006091780868704522
987.0,0.006115185887565438
987.9999999999999,0.006139070494870354
988.9999999999998,0.006163462299227135
989.9999999999999,0.006188367715834152
990.9999999999999,0.006213782863681278
992.0,0.0062397149373917046
992.9999999999999,0.0062661677625742845
993.9999999999999,0.006293147066173799
994.9999999999998,0.006320669254044795
995.9999999999999,0.0063487352786017704
996.9999999999999,0.006377347097627169
998.0,0.0064065148778935654
998.9999999999999,0.0064362437934976325
999.9999999999998,0.00646654334873226
1000.9999999999998,0.006497212922469602
1001.9999999999999,0.006528253277493358
1003.0,0.006559665140626175
1004.0,0.006591449202964362
1004.9999999999999,0.0066236061201136315
1005.9999999999998,0.006656136512427354
1006.9999999999999,0.006689040965246329
1007.9999999999999,0.006722320029140241
1009.0,0.006755974220151199
1009.9999999999999,0.006790004020038432
1010.9999999999999,0.006824409876524801
1011.9999999999998,0.0068591922035450255
1012.9999999999999,0.006894351381494756
1014.0,0.006929887757481787
1015.0,0.006965801645577935
1015.9999999999999,0.007002093327072551
1016.9999999999998,0.007038763050727302
1017.9999999999998,0.007075811033031782
1018.9999999999999,0.0071132374584605045
1020.0,0.007151042479730985
1021.0,0.007189226218062474
1021.9999999999999,0.007227788763436012
1022.9999999999998,0.007266730174855247
1023.9999999999999,0.007306050480607907
1025.0,0.007345749678528431
1026.0,0.007385827736260907
1026.9999999999998,0.007426284591523141
1028.0,0.007467120152371038
1028.9999999999998,0.007508334297463636
1029.9999999999998,0.007549926876328886
1031.0,0.007591897709629718
1032.0,0.007634246589430577
1033.0,0.007676973279464538
1033.9999999999998,0.00772007751540072
1034.9999999999998,0.00776355900511176
1036.0,0.007807417428942075
1037.0,0.007851652439975801
1037.9999999999998,0.007896263664305575
1039.0,0.007941250701300745
1039.9999999999998,0.007986613123876303
1040.9999999999998,0.008032350478761566
1042.0,0.008078462286769035
1043.0,0.00812494804306321
1043.9999999999998,0.008171807217429366
1044.9999999999998,0.008219039254542232
1045.9999999999998,0.008266643574234733
1046.9999999999998,0.008314619571766156
1048.0,0.008362966618090899
1049.0,0.008411684060126047
1050.0,0.00846077122101957
1050.9999999999998,0.008510227400417526
1051.9999999999998,0.008560051874731738
1053.0,0.008610243897406259
1054.0,0.008660802699184152
1054.9999999999998,0.008711727488373325
1056.0,0.008763017451112652
1056.9999999999998,0.008814671751636655
1057.9999999999998,0.008866689532540573
1059.0,0.008919069915044313
1060.0,0.008971811999256339
1060.9999999999998,0.009024914864436491
1061.9999999999998,0.009078377569258464
1062.9999999999998,0.009132199152071651
1064.0,0.009186378631162388
1065.0,0.00924091500501422
1066.0,0.009295807252567742
1067.0,0.009351054333479715
1067.9999999999998,0.00940665518838113
1068.9999999999998,0.00946260873913485
1070.0,0.009518913889092089
1071.0,0.009575569523348489
1071.9999999999998,0.009632574508998985
1073.0,0.009689927695391681
1073.9999999999998,0.009747627914381612
1074.9999999999998,0.009805673980582645
1076.0,0.009864064691618858
1077.0,0.009922798828375117
1077.9999999999998,0.00998187515524645
1078.9999999999998,0.010041292420386556
1079.9999999999998,0.010101049355955141
1081.0,0.010161144678364386
1082.0,0.010221577088524347
1082.9999999999998,0.010282345272087141
1084.0,0.010343447899690302
1084.9999999999998,0.010404883627198824
1085.9999999999998,0.010466651095946265
1087.0,0.010528748932974464
1088.0,0.01059117575127235
1088.9999999999998,0.010653930150013596
1089.9999999999998,0.010717010714792991
1090.9999999999998,0.010780416017861536
1091.9999999999998,0.01084414461836052
1093.0,0.010908195062554594
1094.0,0.010972565884062842
1095.0,0.011037255604089512
1095.9999999999998,0.011102262731652945
1096.9999999999998,0.01116758576381341
1098.0,0.011233223185899654
1099.0,0.011299173471734168
1099.9999999999998,0.011365435083857173
1101.0,0.011432006473749222
1101.9999999999998,0.011498886082052547
1102.9999999999998,0.011566072338791198
1104.0,0.01163356366358944
1105.0,0.011701358465889409
1105.9999999999998,0.011769455145166804
1106.9999999999998,0.01183785209114582
1107.9999999999998,0.011906547684012024
1108.9999999999998,0.01197554029462439
1110.0,0.012044828284725936
1111.0,0.01211441000715258
1112.0,0.012184283806040903
1112.9999999999998,0.012254448017034424
1113.9999999999998,0.01232490096748856
1115.0,0.012395640976673936
1116.0,0.012466666355978453
1116.9999999999998,0.01253797540910791
1118.0,0.012609566432285294
1118.9999999999998,0.012681437714448133
1119.9999999999998,0.012753587537445226
1121.0,0.012826014176231042
1122.0,0.012898715899059528
1122.9999999999998,0.012971690967675583
1123.9999999999998,0.013044937637505881
1124.9999999999998,0.013118454157847712
1126.0,0.013192238772056488
1127.0,0.013266289717731932
1127.9999999999998,0.013340605226902296
1129.0,0.013415183526208099
1129.9999999999998,0.013490022837083218
1130.9999999999998,0.013565121375935277
1132.0,0.013640477354324372
1133.0,0.01371608897914006
1133.9999999999998,0.013791954452777387
1134.9999999999998,0.01386807197331066
1135.9999999999998,0.013944439734666785
1136.9999999999998,0.014021055926796066
1138.0,0.014097918735842149
1139.0,0.014175026344310362
1139.9999999999998,0.014252376931234297
1140.9999999999998,0.014329968672341573
1141.9999999999998,0.014407799740217176
1143.0,0.014485868304466201
1144.0,0.014564172531874392
1144.9999999999998,0.014642710586567905
1146.0,0.014721480630170806
1146.9999999999998,0.014800480821961904
1147.9999999999998,0.014879709319029431
1149.0,0.014959164276424498
1150.0,0.015038843847313322
1150.9999999999998,0.01511874618312757
1151.9999999999998,0.015198869433713428
1152.9999999999998,0.015279211747479414
1153.9999999999998,0.01535977127154206
1155.0,0.015440546151871076
1156.0,0.015521534533432114
1157.0,0.01560273456032879
1157.9999999999998,0.015684144375943003
1158.9999999999998,0.015765762123073557
1160.0,0.015847585944073702
1161.0,0.015929613980987085
1161.9999999999998,0.016011844375682125
1163.0,0.016094275269985393
1163.9999999999998,0.01617690480581285
1164.9999999999998,0.016259731125300558
1166.0,0.01634275237093293
1167.0,0.016425966685670364
1167.9999999999998,0.016509372213075465
1168.9999999999998,0.01659296709743709
1169.9999999999998,0.016676749483893884
1170.9999999999998,0.01676071751855572
1172.0,0.01684486934862441
1172.9999999999998,0.01692920312251223
1174.0,0.01701371698995992
1174.9999999999998,0.017098409102152507
1175.9999999999998,0.0171832776118343
1177.0,0.017268320673422436
1178.0,0.01735353644311873
1178.9999999999998,0.01743892307902048
1179.9999999999998,0.017524478741229928
1180.9999999999998,0.017610201591962252
1181.9999999999998,0.01769608979565206
1183.0,0.017782141519058953
1184.0,0.017868354931371594
1184.9999999999998,0.017954728204309958
1185.9999999999998,0.018041259512227254
1186.9999999999998,0.01812794703220989
1188.0,0.018214788944175674
1189.0,0.018301783430972073
1189.9999999999998,0.01838892867847177
1191.0,0.018476222875667903
1191.9999999999998,0.018563664214767545
1192.9999999999998,0.018651250891283857
1194.0,0.018738981104127705
1195.0,0.018826853055696653
1195.9999999999998,0.018914864951964216
1196.9999999999998,0.019003015002566973
1197.9999999999998,0.019091301420890428
1198.9999999999998,0.019179722424154153
1200.0,0.019268276233495148
400.0,0.035531545932394284
401.0,0.03561428563504337
402.0,0.035679748949179614
403.0,0.035730248958567086
403.99999999999994,0.03576776728269482
405.0,0.03579527259601196
405.99999999999994,0.035815022033792915
407.0,0.03582944619867442
408.0,0.035840907662027015
408.99999999999994,0.035851622665736105
410.0,0.03586397715801774
410.99999999999994,0.03588014137932163
412.0,0.03590255603428176
413.0,0.035933368280843814
414.0,0.03597482662997081
415.0,0.03602924705469122
415.99999999999994,0.036098848188926884
417.0,0.036185803621086816
417.99999999999994,0.03629229597672583
419.0,0.03642066254604346
420.0,0.036572868256191444
420.99999999999994,0.0367511299459726
422.0,0.03695760166667572
422.99999999999994,0.03719432341237036
424.0,0.037463433019264004
424.99999999999994,0.037766962123024286
426.0,0.038106909293669326
427.0,0.03848542984261957
427.99999999999994,0.03890460663763362
429.0,0.03936609686813029
429.99999999999994,0.03987220040523591
431.0,0.0404247832311865
431.99999999999994,0.04102586446050296
433.0,0.041677485583546156
434.0,0.04238150216370075
434.99999999999994,0.04314015918010363
436.0,0.04395522964630156
436.99999999999994,0.044828551964036255
438.0,0.04576222930928659
438.99999999999994,0.04675864529904214
439.99999999999994,0.04781934175636845
441.0,0.04894689546623184
441.99999999999994,0.050143011099390164
443.0,0.05140970743213169
444.0,0.05274958558218534
445.0,0.054164510967960856
446.0,0.055656704296228626
446.99999999999994,0.057228796384699646
448.0,0.058883429499619055
448.99999999999994,0.06062177277478423
450.0,0.06244799008896975
451.0,0.06436507834435856
451.99999999999994,0.0663755061877611
453.0,0.06848319848277995
453.99999999999994,0.0706894847055073
455.0,0.0729999416697973
455.99999999999994,0.07541593689370168
457.0,0.07794045235316888
458.0,0.08057748610467362
458.99999999999994,0.08332873880448513
460.0,0.08619739581134012
460.99999999999994,0.08918798182152624
462.0,0.09230026762742363
462.99999999999994,0.09553890559855226
464.0,0.09890665450404887
465.0,0.10240484711986667
465.99999999999994,0.10603677160667745
467.0,0.10980364934565605
467.99999999999994,0.11370761862328084
469.0,0.11775312158011414
469.99999999999994,0.12193828917689892
470.99999999999994,0.12626755116740013
472.0,0.1307423752306754
472.99999999999994,0.1353631380591269
474.0,0.14013250930486224
474.99999999999994,0.14505033933376638
476.0,0.15011909766812617
476.99999999999994,0.15533972991600575
477.9999999999999,0.1607115640437529
479.0,0.16623504855998286
479.99999999999994,0.17191252566851278
480.99999999999994,0.17774429903362746
482.0,0.18372876532518964
482.99999999999994,0.18986767376333025
483.99999999999994,0.19615923181088024
485.0,0.20260515515162797
486.0,0.20920471925690565
486.99999999999994,0.21595574127532594
488.00000000000006,0.22285926838935616
489.0,0.2299125592682853
489.99999999999994,0.23711672911711545
490.99999999999994,0.2444682525873289
492.0,0.2519681771158786
493.0,0.25961521641142804
493.99999999999994,0.26740527167230926
494.99999999999994,0.27533928672664026
496.0,0.2834150718048254
496.99999999999994,0.2916283510190448
497.99999999999994,0.2999794223885198
499.0,0.308463365299722
500.0,0.3170801356699044
500.99999999999994,0.3258271780774245
502.0,0.3346991534660471
503.0,0.3436957194484675
503.99999999999994,0.3528134464465856
504.99999999999994,0.36204572631288684
506.0,0.3713923038097206
507.0,0.3808459053646818
507.99999999999994,0.3904094980240465
508.9999999999999,0.4000697190602388
510.0,0.40983209214175736
510.99999999999994,0.4196863080783766
511.99999999999994,0.4296306890916799
513.0,0.4396578924200514
514.0,0.44976911563667504
514.9999999999999,0.45994957749271614
516.0,0.47020325150070424
517.0,0.4805174068938873
518.0,0.490889113115958
518.9999999999999,0.501307953510362
520.0,0.5117733733356411
521.0,0.5222704228187598
521.9999999999999,0.5327904878424037
522.9999999999999,0.5433314302384235
524.0,0.5538764477373375
525.0,0.5644148670294058
525.9999999999999,0.5749425638885324
527.0,0.5854405056171568
528.0,0.5958995930586093
528.9999999999999,0.6063027818791172
530.0,0.6166391525320872
531.0,0.6268939439618925
532.0,0.6370510912965546
533.0,0.6470904632540023
534.0,0.656998201541609
535.0,0.6667559436381763
535.9999999999999,0.6763450912876956
536.9999999999999,0.6857425732284608
538.0,0.6949316727810877
538.9999999999999,0.7038917160714542
539.9999999999999,0.7125985560147174
541.0,0.7210337961629748
542.0,0.7291756590497656
542.9999999999999,0.7370023522625716
544.0,0.7444894035902713
545.0,0.7516202157742893
545.9999999999999,0.7583662798836956
547.0,0.764713745659144
548.0,0.7706398633575713
549.0,0.7761233360769813
549.9999999999999,0.7811460116280434
551.0,0.7856941372771025
552.0,0.789749705994554
552.9999999999999,0.7932970545997238
553.9999999999999,0.7963246403794756
555.0,0.79882084989392
556.0,0.80077801185498
556.9999999999999,0.8021878499688638
558.0,0.8030460514337278
559.0,0.8033498590914325
559.9999999999999,0.8030991641120763
561.0,0.8022959393116834
562.0,0.800944351235192
563.0,0.7990507441433723
564.0,0.796623957729466
565.0,0.7936760382197798
566.0,0.7902190928931926
566.9999999999999,0.7862679471714031
567.9999999999999,0.7818393761831117
569.0,0.7769537315094172
569.9999999999999,0.7716269126436345
570.9999999999999,0.7658844955322001
572.0,0.7597467151676895
573.0,0.7532395046575766
573.9999999999999,0.7463815059458574
575.0,0.7392028159185849
576.0,0.7317257677752709
576.9999999999999,0.723975067390955
578.0,0.7159794731914122
579.0,0.7077569838439705
580.0,0.6993391255268494
580.9999999999999,0.6907465036452418
581.9999999999999,0.6820028392962305
583.0,0.6731345019112049
583.9999999999999,0.6641564206156927
584.9999999999999,0.6550971245948718
586.0,0.6459731134464342
587.0,0.6368037494755348
587.9999999999999,0.6276072258860632
589.0,0.6184046305413053
590.0,0.6092043064911022
590.9999999999999,0.6000290805074949
592.0,0.5908889365882916
593.0,0.5818005851870786
594.0,0.5727682922232196
594.9999999999999,0.5638104553647159
596.0,0.5549291463850847
597.0,0.5461410592264265
597.9999999999999,0.5374500027849649
598.9999999999999,0.5288670819690143
600.0,0.5203908433074371
600.9999999999999,0.5120341515906027
601.9999999999999,0.50379793404633
603.0,0.49568633479515206
604.0,0.4877025642147526
604.9999999999999,0.47984946359090386
606.0,0.4721326074362037
607.0,0.4645466802833255
607.9999999999999,0.4570997172773535
609.0,0.44978906375507677
610.0,0.44261498256093523
611.0,0.4355805090414279
611.9999999999999,0.4286792074901878
612.9999999999999,0.4219164136269856
614.0,0.41528517258478936
614.9999999999999,0.4087902738242841
615.9999999999999,0.4024273100410079
617.0,0.39619755353015307
618.0,0.39009363792909196
618.9999999999999,0.38411920371967684
620.0,0.3782668818170411
621.0,0.3725398649723048
621.9999999999999,0.36693310306298327
623.0,0.3614445458181725
624.0,0.356074261805373
625.0,0.35081504526984425
625.9999999999999,0.3456690804510741
626.9999999999999,0.34062944923717803
628.0,0.33569829804251666
628.9999999999999,0.330870709514378
629.9999999999999,0.32614637238423433
631.0,0.32151886068181407
631.9999999999999,0.31698748930240245
632.9999999999999,0.31255228776869115
634.0,0.3082084865699591
635.0,0.3039518773309898
635.9999999999999,0.29978411361236895
637.0,0.29570284189794516
638.0,0.2917019375754167
638.9999999999999,0.2877810757589863
640.0,0.2839401147999554
640.9999999999999,0.2801731675018134
642.0,0.2764816178635297
642.9999999999999,0.27286180960158896
643.9999999999999,0.2693117535425102
645.0,0.26582944157334215
645.9999999999999,0.2624146011437005
646.9999999999999,0.25906233495716563
648.0,0.25577374714563694
649.0,0.25254421523980286
649.9999999999999,0.2493750675435675
651.0,0.24626304686794379
652.0,0.24320663524749414
652.9999999999999,0.24020428890700068
654.0,0.23725577990414856
654.9999999999999,0.23435696783356424
656.0,0.23150903249876353
657.0,0.22870809703156345
657.9999999999999,0.22595538682879696
659.0,0.22324821363950237
659.9999999999999,0.22058536194990486
660.9999999999999,0.2179656822434612
662.0,0.21538805090153346
662.9999999999999,0.21285223939641365
663.9999999999999,0.21035501030999867
665.0,0.20789761697026318
666.0,0.20547667033040473
666.9999999999999,0.20309351450442165
668.0,0.2007459221292315
669.0,0.19843302330752258
669.9999999999999,0.1961539812795856
671.0,0.19390781881907598
671.9999999999999,0.19169472717098257
673.0,0.18951194030997037
673.9999999999999,0.1873602547495597
674.9999999999999,0.18523823228218972
676.0,0.18314398142683733
676.9999999999999,0.18107860044761695
677.9999999999999,0.17904045530784282
679.0,0.17702886989964478
680.0,0.17504380179808382
680.9999999999999,0.17308316644521143
682.0,0.17114698585221083
683.0,0.16923557322223864
683.9999999999999,0.1673465947561723
685.0,0.16548097284495022
685.9999999999999,0.1636376695025155
687.0,0.1618159965421172
687.9999999999999,0.16001528373007562
688.9999999999999,0.15823532261932025
690.0,0.15647541687415542
690.9999999999999,0.15473511838220197
691.9999999999999,0.15301478620103645
693.0,0.15131244758803244
693.9999999999999,0.14962925627504411
694.9999999999999,0.14796332635517612
696.0,0.146315622016171
697.0,0.14468519970370336
697.9999999999999,0.14307157940424806
699.0,0.14147450772120787
699.9999999999999,0.1398935217918393
700.9999999999999,0.13832856013390388
702.0,0.13677968317679434
702.9999999999999,0.13524543624994254
704.0,0.13372680320343414
704.9999999999999,0.13222229467958133
705.9999999999999,0.13073295548702515
707.0,0.1292576738720282
707.9999999999999,0.12779637099655197
708.9999999999999,0.12634830343454878
710.0,0.12491485491871877
711.0,0.12349407470443892
711.9999999999999,0.12208645490178825
713.0,0.12069173747104009
714.0,0.11931022511731101
714.9999999999999,0.117940759191251
716.0,0.11658353337329361
716.9999999999999,0.11523906412431581
718.0,0.11390658025382282
718.9999999999999,0.11258586021736909
719.9999999999999,0.11127651790731898
721.0,0.10997912255089826
721.9999999999999,0.10869313561107888
722.9999999999999,0.10741888358193964
724.0,0.10615537023543155
724.9999999999999,0.10490290431784044
725.9999999999999,0.10366124915375428
727.0,0.10243083203536413
728.0,0.10121065068691529
728.9999999999999,0.10000155774358305
730.0,0.09880246595197291
730.9999999999999,0.0976141046008522
731.9999999999999,0.0964360727221146
733.0,0.09526814958224436
733.9999999999999,0.09411030759191827
735.0,0.09296247579315593
735.9999999999999,0.09182457000071803
736.9999999999999,0.0906964448545748
738.0,0.08957808792674107
738.9999999999999,0.08846983054444241
739.9999999999999,0.0873707342622508
741.0,0.08628158251698367
742.0,0.08520147873337482
742.9999999999999,0.08413117089777199
744.0,0.08306979633785284
744.9999999999999,0.08201802592829462
745.9999999999999,0.0809754402862189
747.0,0.07994202293586376
747.9999999999999,0.07891769116968142
749.0,0.07790234426835324
749.9999999999999,0.07689596856551129
750.9999999999999,0.07589855402844352
752.0,0.07491031859262703
752.9999999999999,0.07393050485444114
753.9999999999999,0.07295955958906246
755.0,0.0719975145710162
755.9999999999999,0.0710439514644528
756.9999999999999,0.07009917913075986
758.0,0.06916284425955495
759.0,0.06823517960293918
759.9999999999999,0.06731597394789667
761.0,0.06640532633627233
761.9999999999999,0.06550300442037099
762.9999999999999,0.06460905034954272
763.9999999999999,0.06372339814353783
764.9999999999999,0.0628460237898151
766.0,0.06197694943208231
766.9999999999999,0.06111594495695985
767.9999999999999,0.060263214985420074
769.0,0.059418696125120254
769.9999999999999,0.05858216162873787
770.9999999999999,0.05775381070793718
772.0,0.05693331022184353
773.0,0.056120925886203064
773.9999999999999,0.05531646384516134
775.0,0.0545197304371279
775.9999999999999,0.05373101701642929
776.9999999999999,0.052950162547590954
778.0,0.05217706213779197
778.9999999999999,0.05141170747879457
780.0,0.05065411625157647
780.9999999999999,0.049904160873110004
781.9999999999999,0.0491618581622899
783.0,0.048427200104571556
783.9999999999999,0.04770008687553951
784.9999999999999,0.04698065120194195
786.0,0.04626861897387623
786.9999999999999,0.045564069650180145
787.9999999999999,0.04486706660831832
789.0,0.04417748828394009
789.9999999999999,0.04349514348592212
790.9999999999999,0.04282024413425543
792.0,0.04215255817796402
792.9999999999999,0.04149223249021198
793.9999999999999,0.04083918344833266
794.9999999999999,0.040193297374081505
795.9999999999999,0.039554608254198945
797.0,0.03892307660214089
797.9999999999999,0.038298612318638646
798.9999999999999,0.037681251234008166
800.0,0.0370709513102891
800.9999999999999,0.03646762651909733
801.9999999999999,0.03587128363689753
803.0,0.03528199496746497
804.0,0.034699542042849474
804.9999999999999,0.03412404593074261
806.0,0.03355554227848435
806.9999999999999,0.03299394237719721
807.9999999999999,0.03243929031776537
808.9999999999999,0.03189161907208644
809.9999999999999,0.031350764721041764
811.0,0.030816825480222867
811.9999999999999,0.03028979166322231
812.9999999999999,0.029769548584170396
814.0,0.029256153083803364
814.9999999999999,0.0287496403314015
815.9999999999999,0.02824987134262729
817.0,0.027756896002349384
817.9999999999999,0.027270583005903588
818.9999999999999,0.02679106039032032
820.0,0.02631815102530787
820.9999999999999,0.025851923444687987
821.9999999999999,0.025392290940624503
823.0,0.02493922182060746
823.9999999999999,0.024492656700740367
824.9999999999999,0.024052633242836463
825.9999999999999,0.023619038055480327
826.9999999999999,0.02319190081041603
828.0,0.022771106834265045
828.9999999999999,0.02235668540120047
829.9999999999999,0.02194848810415545
831.0,0.021546590289547102
831.9999999999999,0.021150875953467325
832.9999999999999,0.020761294618464075
834.0,0.02037787136053559
834.9999999999999,0.02000047988018252
835.9999999999999,0.01962907015504018
837.0,0.01926366408107531
837.9999999999999,0.01890414779698716
838.9999999999999,0.018550491867684933
839.9999999999999,0.018202621838026716
840.9999999999999,0.017860529616937945
841.9999999999999,0.01752411544801736
842.9999999999999,0.017193338259934538
843.9999999999999,0.016868153126859967
845.0,0.016548515141897747
845.9999999999999,0.01623437256864815
846.9999999999999,0.01592561452893516
848.0,0.015622254781881477
848.9999999999999,0.015324185644110191
849.9999999999999,0.015031377525165125
851.0,0.014743751806942988
851.9999999999999,0.014461285197247079
852.9999999999999,0.014183878789578115
853.9999999999999,0.013911505529840306
854.9999999999999,0.013644090002580262
855.9999999999999,0.01338159006189859
856.9999999999999,0.013123929108834713
857.9999999999999,0.012871037748544036
859.0,0.01262286728336256
859.9999999999999,0.012379393361115435
860.9999999999999,0.012140524087245804
862.0,0.011906174429858179
862.9999999999999,0.011676347258301136
863.9999999999999,0.011450950189546248
865.0,0.011229872029140317
865.9999999999999,0.01101316798468445
866.9999999999999,0.010800683359159272
868.0,0.010592399079371836
868.9999999999999,0.010388246803234205
869.9999999999999,0.010188195019083095
870.9999999999999,0.009992131641950078
871.9999999999999,0.00980002150870475
872.9999999999999,0.009611836993113482
873.9999999999999,0.0094274603719117
874.9999999999999,0.009246910332017692
876.0,0.009070038643486954
876.9999999999999,0.008896879128412475
877.9999999999999,0.00872730700010745
878.9999999999999,0.008561310108406163
879.9999999999999,0.008398804763517563
880.9999999999999,0.00823974053635256
881.9999999999999,0.008084077802818735
883.0,0.007931736416756544
883.9999999999999,0.00778266437035833
884.9999999999999,0.007636832120261932
885.9999999999999,0.007494156554326189
886.9999999999999,0.007354634409689588
887.9999999999999,0.00721816145277721
888.9999999999999,0.007084687128132191
890.0,0.006954164743921298
890.9999999999999,0.006826576667133402
891.9999999999999,0.0067018325841600185
893.0,0.006579908502229397
893.9999999999999,0.006460695435329531
894.9999999999999,0.006344228119052548
895.9999999999999,0.00623042911415051
897.0,0.006119246082615791
897.9999999999999,0.006010617293590777
898.9999999999999,0.00590448034830266
900.0,0.005800831601105277
900.9999999999999,0.00569961758093252
901.9999999999999,0.005600758018540436
902.9999999999999,0.005504269587427113
903.9999999999999,0.005410064376924782
904.9999999999999,0.005318082822081653
905.9999999999999,0.005228327565640635
907.0,0.005140694819793716
907.9999999999999,0.005055210308069418
908.9999999999999,0.004971813699629727
909.9999999999999,0.004890434519188257
910.9999999999999,0.004811098224978531
911.9999999999999,0.004733687288351442
912.9999999999999,0.004658196083783274
914.0,0.004584584832290732
914.9999999999999,0.004512870095235458
915.9999999999999,0.0044429337466388615
916.9999999999999,0.004374771977017824
917.9999999999999,0.004308352626854791
918.9999999999999,0.004243642122155268
919.9999999999999,0.004180593750085102
921.0,0.004119203249987587
921.9999999999999,0.004059427656007953
922.9999999999999,0.004001217189753935
923.9999999999999,0.00394456219310831
924.9999999999999,0.0038894291106710017
925.9999999999999,0.0038357765121764973
926.9999999999999,0.0037835918387484546
928.0,0.0037328192474379187
928.9999999999999,0.0036834387908414095
929.9999999999999,0.0036354541474265143
930.9999999999999,0.0035888320487043146
931.9999999999999,0.003543534732720791
932.9999999999999,0.003499503689177813
933.9999999999999,0.0034567715702873924
934.9999999999999,0.0034153102315437637
935.9999999999999,0.0033750328712205727
936.9999999999999,0.003336005025689671
938.0,0.003298119669441598
938.9999999999999,0.0032614450767496895
939.9999999999999,0.0032258742878873386
940.9999999999999,0.003191463658478617
941.9999999999999,0.0031581325709146325
942.9999999999999,0.0031259143644679745
943.9999999999999,0.003094729484566146
945.0,0.0030645992940297197
945.9999999999999,0.0030355479787393057
946.9999999999999,0.003007470957293577
947.9999999999999,0.0029804040762910775
948.9999999999999,0.0029543623002385184
949.9999999999999,0.002929252448248121
950.9999999999999,0.0029051026115059064
952.0,0.002881900795212843
952.9999999999999,0.002859635181894932
953.9999999999999,0.0028382960557069106
954.9999999999998,0.0028179016058677924
955.9999999999998,0.002798372328801724
956.9999999999999,0.002779727655902808
958.0,0.0027619591953779435
959.0,0.002745059910835908
959.9999999999999,0.0027290208089332645
960.9999999999998,0.0027138240931293524
961.9999999999999,0.0026994416408830982
962.9999999999999,0.002685921381998941
964.0,0.0026732363635894427
964.9999999999999,0.002661369011777749
965.9999999999999,0.0026503165762388073
966.9999999999998,0.002640073518356739
967.9999999999999,0.002630579500101445
969.0,0.00262193249292207
970.0,0.002614074654099323
970.9999999999999,0.0026070017358046484
971.9999999999998,0.0026006644438588784
972.9999999999999,0.0025951567388247847
973.9999999999999,0.002590368899103764
975.0,0.002586409452394264
975.9999999999999,0.002583217049157758
976.9999999999999,0.0025807416983953495
977.9999999999998,0.0025790836691381444
978.9999999999999,0.0025781320734550818
979.9999999999999,0.0025779988102154427
981.0,0.002578572787988412
981.9999999999999,0.0025799586567652184
983.0,0.0025820538537569934
983.9999999999998,0.0025849014260186935
984.9999999999999,0.0025885681763895174
986.0,0.0025929388305386256
987.0,0.0025980711901417964
987.9999999999999,0.002604010974348698
988.9999999999998,0.002610663018211515
989.9999999999999,0.0026180667565280868
990.9999999999999,0.0026262450221896704
992.0,0.002635239376075756
992.9999999999999,0.002644939746742798
993.9999999999999,0.0026554172011501284
994.9999999999998,0.0026666595080316016
995.9999999999999,0.0026786705014543574
996.9999999999999,0.0026914554795948145
998.0,0.0027050210619534525
998.9999999999999,0.0027194241573470627
999.9999999999998,0.0027345402200099032
1000.9999999999998,0.0027503268394009567
1001.9999999999999,0.0027667864722550413
1003.0,0.002783921594035915
1004.0,0.0028017346968595602
1004.9999999999999,0.002820228287454207
1005.9999999999998,0.002839404885156637
1006.9999999999999,0.002859267019944603
1007.9999999999999,0.002879817230504576
1009.0,0.002901058062334711
1009.9999999999999,0.0029229920658828297
1010.9999999999999,0.0029456217947184974
1011.9999999999998,0.0029689498037394034
1012.9999999999999,0.002992978647411409
1014.0,0.0030177108780419385
1015.0,0.003043149044086319
1015.9999999999999,0.0030692956884869216
1016.9999999999998,0.003096153347044495
1017.9999999999998,0.0031237245468215525
1018.9999999999999,0.0031520118045773797
1020.0,0.0031810176252344943
1021.0,0.0032107445003758932
1021.9999999999999,0.0032411949067731346
1022.9999999999998,0.0032723713049448103
1023.9999999999999,0.0033042761377450637
1025.0,0.003336911828981624
1026.0,0.0033702807820636766
1026.9999999999998,0.0034043853786785688
1028.0,0.0034392279774974406
1028.9999999999998,0.0034748109129094508
1029.9999999999998,0.0035111364937842294
1031.0,0.0035482070022621643
1032.0,0.0035860246925725338
1033.0,0.0036245917898789725
1033.9999999999998,0.003663910489151972
1034.9999999999998,0.0037039829540681927
1036.0,0.003744811315936642
1037.0,0.0037863976726504344
1037.9999999999998,0.0038287440876653522
1039.0,0.003871852589003677
1039.9999999999998,0.003915725168283357
1040.9999999999998,0.003960363779772928
1042.0,0.004005770339470743
1043.0,0.004051946724209279
1043.9999999999998,0.004098894770783763
1044.9999999999998,0.004146616275104777
1045.9999999999998,0.00419511299137519
1046.9999999999998,0.004244386631290068
1048.0,0.004294438863260732
1049.0,0.004345271311661437
1050.0,0.004396885556099104
1050.9999999999998,0.004449283130705787
1051.9999999999998,0.00450246552345335
1053.0,0.004556434175490644
1054.0,0.004611190480502161
1054.9999999999998,0.004666735784088637
1056.0,0.004723071383169181
1056.9999999999998,0.004780198525404454
1057.9999999999998,0.004838118408640708
1059.0,0.004896832180374826
1060.0,0.00495634093723969
1060.9999999999998,0.005016645724509807
1061.9999999999998,0.0050777475356271265
1062.9999999999998,0.0051396473117465155
1064.0,0.005202345941300629
1065.0,0.005265844259584759
1066.0,0.005330143048360035
1067.0,0.005395243035476109
1067.9999999999998,0.00546114489451213
1068.9999999999998,0.005527849244436334
1070.0,0.005595356649284006
1071.0,0.005663667617853102
1071.9999999999998,0.0057327826034178925
1073.0,0.005802702003460214
1073.9999999999998,0.005873426159417783
1074.9999999999998,0.00594495535645004
1076.0,0.006017289823220444
1077.0,0.006090429731696073
1077.9999999999998,0.006164375196962858
1078.9999999999998,0.006239126277058017
1079.9999999999998,0.006314682972817839
1081.0,0.0063910452277416525
1082.0,0.0064682129278713415
1082.9999999999998,0.0065461859016860795
1084.0,0.00662496392001298
1084.9999999999998,0.006704546695951534
1085.9999999999998,0.006784933884814129
1087.0,0.006866125084080425
1088.0,0.006948119833365939
1088.9999999999998,0.00703091761440559
1089.9999999999998,0.0071145178510502284
1090.9999999999998,0.007198919909278136
1091.9999999999998,0.007284123097218539
1093.0,0.007370126665190142
1094.0,0.0074569298057513425
1095.0,0.007544531653764563
1095.9999999999998,0.007632931286472636
1096.9999999999998,0.007722127723587831
1098.0,0.007812119927393729
1099.0,0.007902906802858448
1099.9999999999998,0.007994487197760577
1101.0,0.008086859902826747
1101.9999999999998,0.00818002365187993
1102.9999999999998,0.008273977122000691
1104.0,0.008368718933698007
1105.0,0.008464247651092124
1105.9999999999998,0.008560561782108055
1106.9999999999998,0.008657659778679104
1107.9999999999998,0.008755540036961697
1108.9999999999998,0.008854200897559589
1110.0,0.008953640645758867
1111.0,0.009053857511772193
1112.0,0.009154849670993167
1112.9999999999998,0.009256615244259891
1113.9999999999998,0.009359152298128056
1115.0,0.009462458845152866
1116.0,0.009566532844180077
1116.9999999999998,0.009671372200646107
1118.0,0.009776974766885915
1118.9999999999998,0.009883338342449883
1119.9999999999998,0.009990460674429246
1121.0,0.010098339457788352
1122.0,0.010206972335705888
1122.9999999999998,0.010316356899923676
1123.9999999999998,0.010426490691102252
1124.9999999999998,0.010537371199184506
1126.0,0.0106489958637663
1127.0,0.01076136207447397
1127.9999999999998,0.010874467171348457
1129.0,0.01098830844523694
1129.9999999999998,0.01110288313818958
1130.9999999999998,0.011218188443864026
1132.0,0.011334221507935118
1133.0,0.011450979428510843
1133.9999999999998,0.01156845925655415
1134.9999999999998,0.011686657996310579
1135.9999999999998,0.011805572605741095
1136.9999999999998,0.011925199996960432
1138.0,0.012045537036680577
1139.0,0.012166580546659356
1139.9999999999998,0.01228832730415368
1140.9999999999998,0.012410774042378019
1141.9999999999998,0.012533917450966433
1143.0,0.012657754176440515
1144.0,0.012782280822679758
1144.9999999999998,0.012907493951397734
1146.0,0.013033390082621155
1146.9999999999998,0.013159965695173172
1147.9999999999998,0.013287217227160211
1149.0,0.013415141076462415
1150.0,0.013543733601227213
1150.9999999999998,0.013672991120366558
1151.9999999999998,0.013802909914056763
1152.9999999999998,0.013933486224241924
1153.9999999999998,0.014064716255139331
1155.0,0.014196596173748145
1156.0,0.014329122110360443
1157.0,0.014462290159074924
1157.9999999999998,0.014596096378312252
1158.9999999999998,0.014730536791333316
1160.0,0.014865607386758715
1161.0,0.015001304119090921
1161.9999999999998,0.015137622909237482
1163.0,0.015274559645036646
1163.9999999999998,0.015412110181783407
1164.9999999999998,0.015550270342757994
1166.0,0.015689035919755113
1167.0,0.015828402673614184
1167.9999999999998,0.0159683663347511
1168.9999999999998,0.016108922603690356
1169.9999999999998,0.016250067151598567
1170.9999999999998,0.01639179562081763
1172.0,0.01653410362539995
1172.9999999999998,0.0166769867516425
1174.0,0.016820440558622776
1174.9999999999998,0.016964460578733548
1175.9999999999998,0.017109042318218828
1177.0,0.01725418125770909
1178.0,0.017399872852757084
1178.9999999999998,0.01754611253437289
1179.9999999999998,0.017692895709559096
1180.9999999999998,0.01784021776184514
1181.9999999999998,0.01798807405182159
1183.0,0.01813645991767372
1184.0,0.018285370675714393
1184.9999999999998,0.01843480162091573
1185.9999999999998,0.018584748027440902
1186.9999999999998,0.018735205149174136
1188.0,0.018886168220249692
1189.0,0.01903763245558038
1189.9999999999998,0.01918959305138381
1191.0,0.019342045185708798
1191.9999999999998,0.019494984018958553
1192.9999999999998,0.019648404694414087
1194.0,0.019802302338755164
1195.0,0.01995667206257933
1195.9999999999998,0.02011150896092039
1196.9999999999998,0.02026680811376404
1197.9999999999998,0.02042256458656211
1198.9999999999998,0.020578773430744705
1200.0,0.02073542968423035
400.0,0.10856030402453988
401.0,0.1042485023668679
402.0,0.10005374299283996
403.0,0.09597556038208577
403.99999999999994,0.09201013919052337
405.0,0.08815718281438088
405.99999999999994,0.0844130416975206
407.0,0.0807771860895201
408.0,0.07724839247635211
408.99999999999994,0.07382569637129485
410.0,0.07050821841413689
410.99999999999994,0.06729434769433473
412.0,0.06418489359242135
413.0,0.06117757283125579
414.0,0.0582722071146918
415.0,0.05546790669294589
415.99999999999994,0.052762977312559245
417.0,0.05015769637331497
417.99999999999994,0.04764941418134968
419.0,0.04523749462816415
420.0,0.042920460169534776
420.99999999999994,0.040696069738642364
422.0,0.038563820712708474
422.99999999999994,0.03652069504442822
424.0,0.034565350542646235
424.99999999999994,0.03269522849983033
426.0,0.03090920588707341
427.0,0.02920404495975543
427.99999999999994,0.02757756125990171
429.0,0.0260282405626856
429.99999999999994,0.024552886516702545
431.0,0.023149412664630543
431.99999999999994,0.021815380317557993
433.0,0.020547991728812193
434.0,0.019345090236810986
434.99999999999994,0.01820388824206368
436.0,0.017122236962310463
436.99999999999994,0.016097675313185598
438.0,0.015127743354111696
438.99999999999994,0.014209869713875344
439.99999999999994,0.013341895026238733
441.0,0.012521333305097805
441.99999999999994,0.01174617668653343
443.0,0.011014221263567572
444.0,0.010323144436799015
445.0,0.009671094719909557
446.0,0.009056096842284957
446.99999999999994,0.008476042350495601
448.0,0.007929150382332438
448.99999999999994,0.007413943449515385
450.0,0.006928493205077831
451.0,0.006471235218348689
451.99999999999994,0.006040750332672942
453.0,0.005635445638447004
453.99999999999994,0.0052541008386038385
455.0,0.004895071844067839
455.99999999999994,0.004557232029921724
457.0,0.004239360144816877
458.0,0.003940208641548936
458.99999999999994,0.0036587066973676973
460.0,0.0033938523901181766
460.99999999999994,0.0031444857404596994
462.0,0.0029098882308628313
462.99999999999994,0.002689069967011054
464.0,0.0024812315991578284
465.0,0.0022856901504472588
465.99999999999994,0.002101690986838974
467.0,0.0019286658213390304
467.99999999999994,0.0017660468830107392
469.0,0.0016132351006755048
469.99999999999994,0.0014699013424356202
470.99999999999994,0.001335584309855065
472.0,0.0012099294575300455
472.99999999999994,0.001092714542439018
474.0,0.0009836756151066356
474.99999999999994,0.0008826821050005541
476.0,0.0007895905804789989
476.99999999999994,0.0007043543031481425
477.9999999999999,0.0006269995393093937
479.0,0.0005575790865984491
479.99999999999994,0.0004961939077133701
480.99999999999994,0.00044301257036242304
482.0,0.0003982663006356127
482.99999999999994,0.0003622192435865047
483.99999999999994,0.0003352060599892642
485.0,0.00031761087147085497
486.0,0.00030985805988054246
486.99999999999994,0.00031242391778878544
488.00000000000006,0.00032585421424209687
489.0,0.00035070129474382627
489.99999999999994,0.00038762185817285005
490.99999999999994,0.0004372388681746526
492.0,0.0005003179875229826
493.0,0.0005776115586745512
493.99999999999994,0.0006698730375887366
494.99999999999994,0.0007779946931002313
496.0,0.0009028544710820692
496.99999999999994,0.0010452811417845282
497.99999999999994,0.0012063142636721716
499.0,0.0013868327113593147
500.0,0.0015879151944455292
500.99999999999994,0.0018106238287600694
502.0,0.0020558769792352505
503.0,0.002324867949300349
503.99999999999994,0.0026186985969713916
504.99999999999994,0.002938322408398691
506.0,0.0032849654632894384
507.0,0.003659517265960445
507.99999999999994,0.004063384389930025
508.9999999999999,0.004497061304289118
510.0,0.004962169837964705
510.99999999999994,0.005459283894345189
511.99999999999994,0.0059896489946415785
513.0,0.006554001680975118
514.0,0.007153755984304427
514.9999999999999,0.007789070393232873
516.0,0.008461685854582186
517.0,0.009171838704757934
518.0,0.009920711235901679
518.9999999999999,0.010708743694455458
520.0,0.011537384960764101
521.0,0.01240666776350653
521.9999999999999,0.013317255332871862
522.9999999999999,0.014270572956306737
524.0,0.0152664038023279
525.0,0.0163053091758425
525.9999999999999,0.01738868722443445
527.0,0.018516184502744597
528.0,0.019688589348706424
528.9999999999999,0.020905881304616267
530.0,0.022168920861359437
531.0,0.02347797769991173
532.0,0.02483336364992107
533.0,0.026234719697790353
534.0,0.027682836238044545
535.0,0.029177901035461033
535.9999999999999,0.03071994939013566
536.9999999999999,0.03230845958377456
538.0,0.03394408945909353
538.9999999999999,0.03562687787393793
539.9999999999999,0.03735611816245918
541.0,0.03913227613229165
542.0,0.0409554960457882
542.9999999999999,0.04282539566565237
544.0,0.04474124127639756
545.0,0.04670433639041774
545.9999999999999,0.04871202702305428
547.0,0.050766482061148754
548.0,0.05286671832772435
549.0,0.05501154740915456
549.9999999999999,0.05720062069613022
551.0,0.0594352579324727
552.0,0.06171438906058536
552.9999999999999,0.06403667040403192
553.9999999999999,0.06640269880038449
555.0,0.06881097399297313
556.0,0.07126323413881493
556.9999999999999,0.07375691142349829
558.0,0.07629265622366205
559.0,0.07887010821259723
559.9999999999999,0.08148773284941314
561.0,0.08414608921263309
562.0,0.0868449079526585
563.0,0.08958360738234294
564.0,0.09236195418046482
565.0,0.09517822436178593
566.0,0.09803337144373826
566.9999999999999,0.1009267652361804
567.9999999999999,0.10385803266228656
569.0,0.10682573152229048
569.9999999999999,0.10983204266684755
570.9999999999999,0.11287383617774635
572.0,0.11595240022744326
573.0,0.11906584999780852
573.9999999999999,0.12221661247793082
575.0,0.12540190614221086
576.0,0.12862269109892566
576.9999999999999,0.13187907669228666
578.0,0.13516913069261557
579.0,0.1384959555913084
580.0,0.14185648276860016
580.9999999999999,0.14525199643757386
581.9999999999999,0.14868259340995316
583.0,0.15214684615389706
583.9999999999999,0.15564759489617655
584.9999999999999,0.1591820218289299
586.0,0.16275179031113746
587.0,0.16635702641034827
587.9999999999999,0.16999773318889247
589.0,0.17367278550234785
590.0,0.17738554562354764
590.9999999999999,0.18113311544866012
592.0,0.18491737168439734
593.0,0.18873716334768803
594.0,0.19259616847755306
594.9999999999999,0.1964915178664684
596.0,0.20042706116791043
597.0,0.20440007652036032
597.9999999999999,0.20841286406868526
598.9999999999999,0.2124642761261477
600.0,0.21655865926654172
600.9999999999999,0.22069308740309154
601.9999999999999,0.2248703921918988
603.0,0.22909114905637662
604.0,0.2333565440916924
604.9999999999999,0.23766738902582565
606.0,0.2420229403400881
607.0,0.24642808739880903
607.9999999999999,0.2508801010626174
609.0,0.25538220933717914
610.0,0.2599355511682886
611.0,0.2645395602177246
611.9999999999999,0.26919955034950965
612.9999999999999,0.27391294214454615
614.0,0.2786854385562145
614.9999999999999,0.28351428666710354
615.9999999999999,0.28840328395636616
617.0,0.29335176043323163
618.0,0.29836601318729167
618.9999999999999,0.3034432690723666
620.0,0.30858976234438223
621.0,0.31380287337441953
621.9999999999999,0.3190870359657181
623.0,0.32444387112432876
624.0,0.32987312708799904
625.0,0.3353816627879843
625.9999999999999,0.34096653771744007
626.9999999999999,0.34663490377955614
628.0,0.35238393261496204
628.9999999999999,0.358218118292778
629.9999999999999,0.3641371335946501
631.0,0.3701481145338838
631.9999999999999,0.3762509800308217
632.9999999999999,0.38244465465896704
634.0,0.3887341422850791
635.0,0.39512452877984167
635.9999999999999,0.40161185072547645
637.0,0.40819827300814815
638.0,0.414891240469801
638.9999999999999,0.42168981921803167
640.0,0.4285925158634742
640.9999999999999,0.43560703548034463
642.0,0.4427288500626662
642.9999999999999,0.4499620121118747
643.9999999999999,0.457307646644145
645.0,0.4647667708877382
645.9999999999999,0.47233655044245293
646.9999999999999,0.4800240239113127
648.0,0.4878227332588925
649.0,0.49573905293596215
649.9999999999999,0.5037657118300128
651.0,0.5119050452912859
652.0,0.520155799760765
652.9999999999999,0.5285162906386366
654.0,0.5369804899145229
654.9999999999999,0.5455530039442277
656.0,0.5542230796436852
657.0,0.5629944929064175
657.9999999999999,0.5718549260177183
659.0,0.5808031330356489
659.9999999999999,0.5898334082255775
660.9999999999999,0.5989390555598176
662.0,0.6081128704731515
662.9999999999999,0.6173427910075702
663.9999999999999,0.626627994830464
665.0,0.6359508217551487
666.0,0.6453088589128858
666.9999999999999,0.6546825594643129
668.0,0.6640639763503806
669.0,0.6734401250562952
669.9999999999999,0.6827969821311827
671.0,0.6921202003913114
671.9999999999999,0.7013899606555593
673.0,0.7105984308815988
673.9999999999999,0.7197206219218801
674.9999999999999,0.7287430672510777
676.0,0.7376517081300896
676.9999999999999,0.7464199503135154
677.9999999999999,0.7550327209738957
679.0,0.7634705973371686
680.0,0.7717104301959233
680.9999999999999,0.7797398040935558
682.0,0.7875353127216227
683.0,0.7950738136266124
683.9999999999999,0.8023429976966887
685.0,0.8093171454417574
685.9999999999999,0.815981188422107
687.0,0.8223174321952197
687.9999999999999,0.8283089566193411
688.9999999999999,0.8339397045801604
690.0,0.8391948105796793
690.9999999999999,0.8440604878317862
691.9999999999999,0.8485222316021693
693.0,0.8525733899037435
693.9999999999999,0.8562004454700612
694.9999999999999,0.85939901565351
696.0,0.8621596059503928
697.0,0.8644793017000659
697.9999999999999,0.8663550581015996
699.0,0.867785704033743
699.9999999999999,0.8687716391535191
700.9999999999999,0.8693149814754191
702.0,0.8694194893578819
702.9999999999999,0.8690907284147209
704.0,0.8683356137901435
704.9999999999999,0.8671618733844486
705.9999999999999,0.8655799956383518
707.0,0.8636004357913445
707.9999999999999,0.8612350800978198
708.9999999999999,0.8584954217415166
710.0,0.8553992724643364
711.0,0.8519571726961536
711.9999999999999,0.8481855741004625
713.0,0.8441000747597063
714.0,0.8397190633304219
714.9999999999999,0.8350545427919124
716.0,0.8301250648612598
716.9999999999999,0.8249498826398411
718.0,0.8195430924825909
718.9999999999999,0.8139211239855966
719.9999999999999,0.8080972156189387
721.0,0.8020931339680573
721.9999999999999,0.7959216872228041
722.9999999999999,0.7896011970418954
724.0,0.78314000332554
724.9999999999999,0.7765555757469587
725.9999999999999,0.7698616125905285
727.0,0.7630748473284348
728.0,0.7562009374939287
728.9999999999999,0.7492588940795593
730.0,0.7422529201116298
730.9999999999999,0.7352012958890481
731.9999999999999,0.7281104501477548
733.0,0.7209900424459247
733.9999999999999,0.7138490886937663
735.0,0.7066959787276991
735.9999999999999,0.6995386261759889
736.9999999999999,0.6923843695481717
738.0,0.6852400228093933
738.9999999999999,0.6781156826405631
739.9999999999999,0.6710094323338335
741.0,0.6639343190431345
742.0,0.656887421911545
742.9999999999999,0.6498809683152503
744.0,0.6429111677095503
744.9999999999999,0.6359894711664951
745.9999999999999,0.6291151720272902
747.0,0.6222913164543888
747.9999999999999,0.6155203004365469
749.0,0.6088047179752802
749.9999999999999,0.6021463549723524
750.9999999999999,0.5955470468587806
752.0,0.5890120017068327
752.9999999999999,0.5825350638604201
753.9999999999999,0.5761210417319792
755.0,0.5697744746705512
755.9999999999999,0.5634886039864242
756.9999999999999,0.5572714260593183
758.0,0.551115999644286
759.0,0.5450296278866199
759.9999999999999,0.5390090421125725
761.0,0.5330540223679874
761.9999999999999,0.5271646507955456
762.9999999999999,0.5213405192187357
763.9999999999999,0.5155815155780418
764.9999999999999,0.5098871316992215
766.0,0.5042568893470544
766.9999999999999,0.4986905090582798
767.9999999999999,0.49318717935113426
769.0,0.48774958311704314
769.9999999999999,0.482370665623497
770.9999999999999,0.47705603648071104
772.0,0.4717988454863263
773.0,0.46660431925347856
773.9999999999999,0.46146869624051484
775.0,0.45638812424315434
775.9999999999999,0.45136790894592416
776.9999999999999,0.4464042021206228
778.0,0.4414960048668177
778.9999999999999,0.4366425801405252
780.0,0.43184309644679525
780.9999999999999,0.4270966599456858
781.9999999999999,0.4224023915678359
783.0,0.41775959695523307
783.9999999999999,0.4131672346623372
784.9999999999999,0.4086272530241236
786.0,0.4041334979200755
786.9999999999999,0.39968770860225555
787.9999999999999,0.3952915606048106
789.0,0.390941893406759
789.9999999999999,0.38663530991824524
790.9999999999999,0.3823758181842738
792.0,0.37815793535955206
792.9999999999999,0.3739856185785584
793.9999999999999,0.3698557564118505
794.9999999999999,0.36576754786419025
795.9999999999999,0.36172040308461334
797.0,0.3577133568833456
797.9999999999999,0.35374579560631053
798.9999999999999,0.34981713527506303
800.0,0.345926492250482
800.9999999999999,0.342073265389778
801.9999999999999,0.3382568220957964
803.0,0.33447857523388846
804.0,0.33073361290232134
804.9999999999999,0.32702337645979906
806.0,0.32334942092407515
806.9999999999999,0.31970708161051736
807.9999999999999,0.3160999025107134
808.9999999999999,0.3125253443781027
809.9999999999999,0.3089809777840789
811.0,0.3054703349819425
811.9999999999999,0.30199075328868885
812.9999999999999,0.2985401451472469
814.0,0.29512182595772873
814.9999999999999,0.29173352279034737
815.9999999999999,0.2883748515434742
817.0,0.28504552675097405
817.9999999999999,0.28174494978381515
818.9999999999999,0.27847306470547106
820.0,0.2752293212366202
820.9999999999999,0.2720153620036822
821.9999999999999,0.26882717535001194
823.0,0.2656663569818954
823.9999999999999,0.2625325916591738
824.9999999999999,0.25942738990303355
825.9999999999999,0.2563469353456835
826.9999999999999,0.2532944152900998
828.0,0.2502663828646572
828.9999999999999,0.2472657126363784
829.9999999999999,0.24428905298192125
831.0,0.24133933655647766
831.9999999999999,0.2384148432831213
832.9999999999999,0.23551380730710933
834.0,0.23263908713584355
834.9999999999999,0.2297889129499034
835.9999999999999,0.2269632042356966
837.0,0.2241618683036764
837.9999999999999,0.2213845882395388
838.9999999999999,0.21863117106141713
839.9999999999999,0.21590167484848832
840.9999999999999,0.2131957921065683
841.9999999999999,0.2105133526106423
842.9999999999999,0.20785441661107776
843.9999999999999,0.20521870349053134
845.0,0.2026074917687385
845.9999999999999,0.20001795623169832
846.9999999999999,0.19745140449000537
848.0,0.19490873186693788
848.9999999999999,0.19238756523281872
849.9999999999999,0.18989030161949624
851.0,0.18741417584370554
851.9999999999999,0.18496164645836222
852.9999999999999,0.182530133280771
853.9999999999999,0.1801220306274178
854.9999999999999,0.1777358866643074
855.9999999999999,0.17537064275434686
856.9999999999999,0.17302849287454344
857.9999999999999,0.1707080399873065
859.0,0.16840937306198198
859.9999999999999,0.1661321796814741
860.9999999999999,0.16387675875455432
862.0,0.16164148102112255
862.9999999999999,0.1594288423879942
863.9999999999999,0.15723752827262574
865.0,0.15506832441315285
865.9999999999999,0.1529193066537181
866.9999999999999,0.15079136022819695
868.0,0.1486842949159261
868.9999999999999,0.1465983030081734
869.9999999999999,0.1445329873068334
870.9999999999999,0.14248946656280814
871.9999999999999,0.1404656185401217
872.9999999999999,0.13846232514614604
873.9999999999999,0.13648055635770454
874.9999999999999,0.13451830337947848
876.0,0.13257722589640308
876.9999999999999,0.13065557376497536
877.9999999999999,0.12875496544571505
878.9999999999999,0.12687366434909378
879.9999999999999,0.12501318553297222
880.9999999999999,0.12317273395771115
881.9999999999999,0.12135128669011794
883.0,0.11955038925532713
883.9999999999999,0.11776917819269378
884.9999999999999,0.11600765955255285
885.9999999999999,0.1142655984859613
886.9999999999999,0.11254224618117092
887.9999999999999,0.11083900383956184
888.9999999999999,0.109154969211233
890.0,0.1074902068137011
890.9999999999999,0.10584446411554975
891.9999999999999,0.10421766717451177
893.0,0.10260989595486382
893.9999999999999,0.10102142533732221
894.9999999999999,0.09945104994246047
895.9999999999999,0.0978993362653075
897.0,0.09636607694463989
897.9999999999999,0.09485129710376594
898.9999999999999,0.09335535350932771
900.0,0.0918769964339696
900.9999999999999,0.09041684910866699
901.9999999999999,0.08897521798472377
902.9999999999999,0.08755084900785255
903.9999999999999,0.0861443575379272
904.9999999999999,0.08475605554798969
905.9999999999999,0.08338478529171393
907.0,0.08203147722263729
907.9999999999999,0.08069555906080783
908.9999999999999,0.07937635133648255
909.9999999999999,0.07807470974868616
910.9999999999999,0.07678958882854102
911.9999999999999,0.07552186701438111
912.9999999999999,0.07427096055171356
914.0,0.07303657736186597
914.9999999999999,0.07181834989876355
915.9999999999999,0.07061701553934203
916.9999999999999,0.06943186777645909
917.9999999999999,0.0682629139918285
918.9999999999999,0.06711001044106275
919.9999999999999,0.06597305326536101
921.0,0.06485182879601394
921.9999999999999,0.06374636597606728
922.9999999999999,0.06265628959243927
923.9999999999999,0.06158175513627777
924.9999999999999,0.060522420825562404
925.9999999999999,0.059478242512151586
926.9999999999999,0.05844910786525973
928.0,0.057434869855747646
928.9999999999999,0.05643573352888138
929.9999999999999,0.05545087916810381
930.9999999999999,0.05448048517424277
931.9999999999999,0.053524437381343305
932.9999999999999,0.05258306466964543
933.9999999999999,0.05165529036835273
934.9999999999999,0.05074157301554227
935.9999999999999,0.04984197894715231
936.9999999999999,0.04895571341298104
938.0,0.048083320296726115
938.9999999999999,0.047224031702263206
939.9999999999999,0.04637836466929892
940.9999999999999,0.04554548533822527
941.9999999999999,0.044725952790486904
942.9999999999999,0.04391889612674828
943.9999999999999,0.0431249001466079
945.0,0.04234346658703939
945.9999999999999,0.04157422116787698
946.9999999999999,0.04081759637947603
947.9999999999999,0.04007309604729843
948.9999999999999,0.039340376077767414
949.9999999999999,0.038619775891267354
950.9999999999999,0.03791097547081478
952.0,0.03721378243752767
952.9999999999999,0.036528052629734985
953.9999999999999,0.035853734019425806
954.9999999999998,0.03519032292781308
955.9999999999998,0.034538273911276667
956.9999999999999,0.033897126031239684
958.0,0.03326673964805555
959.0,0.032647057002133634
959.9999999999999,0.03203789459744067
960.9999999999998,0.031439080395959794
961.9999999999999,0.030850821993599502
962.9999999999999,0.030272393271742134
964.0,0.029704004565475797
964.9999999999999,0.029145411201249107
965.9999999999999,0.028596588607193305
966.9999999999998,0.02805736287692742
967.9999999999999,0.027527783686397217
969.0,0.02700730835354175
970.0,0.02649606631258853
970.9999999999999,0.02599385045967159
971.9999999999998,0.02550076642351711
972.9999999999999,0.025016344460250736
973.9999999999999,0.024540718489175002
975.0,0.024073533943918285
975.9999999999999,0.023614760476491713
976.9999999999999,0.023164420687225216
977.9999999999998,0.022722145839505763
978.9999999999999,0.02228804614481393
979.9999999999999,0.021861735763849137
981.0,0.02144337576703664
981.9999999999999,0.02103256254969461
983.0,0.020629476715463224
983.9999999999998,0.02023380083923789
984.9999999999999,0.019845344680205483
986.0,0.019464218069598176
987.0,0.0190902256961163
987.9999999999999,0.018723022978794815
988.9999999999998,0.01836284290106985
989.9999999999999,0.01800939157829461
990.9999999999999,0.01766261074207769
992.0,0.017322221457370238
992.9999999999999,0.016988335763571494
993.9999999999999,0.016660781690625254
994.9999999999998,0.016339418725993773
995.9999999999999,0.016024136923493006
996.9999999999999,0.01571482964334812
998.0,0.015411414078755724
998.9999999999999,0.015113661306425654
999.9999999999998,0.014821654784390043
1000.9999999999998,0.014534578154171085
1001.9999999999999,0.014252360177936697
1003.0,0.013974930513371423
1004.0,0.013702219703477516
1004.9999999999999,0.013434159166487417
1005.9999999999998,0.013170681185888272
1006.9999999999999,0.012911718900556462
1007.9999999999999,0.012657206295000726
1009.0,0.012407078189713198
1009.9999999999999,0.012161270231626428
1010.9999999999999,0.011919718884675844
1011.9999999999998,0.011682361420466065
1012.9999999999999,0.011449135909039065
1014.0,0.011219981209745749
1015.0,0.010994836962215634
1015.9999999999999,0.010773643577427702
1016.9999999999998,0.010556342228877634
1017.9999999999998,0.010342874843843653
1018.9999999999999,0.01013318409474669
1020.0,0.009927213390606518
1021.0,0.00972490686859091
1021.9999999999999,0.009526209385657864
1022.9999999999998,0.009331066510288581
1023.9999999999999,0.009139424514312478
1025.0,0.008951230364820189
1026.0,0.008766431716166163
1026.9999999999998,0.008584976902058372
1028.0,0.00840681492773458
1028.9999999999998,0.00823189546222437
1029.9999999999998,0.008060168830695923
1031.0,0.00789158600688599
1032.0,0.007726098605613323
1033.0,0.0075636588753734075
1033.9999999999998,0.007404219691014512
1034.9999999999998,0.007247734546493532
1036.0,0.007094157547711383
1037.0,0.0069434434054262304
1037.9999999999998,0.0067955474282445395
1039.0,0.006650425515688344
1039.9999999999998,0.0065080341513388765
1040.9999999999998,0.0063683303960544195
1042.0,0.0062312718812626705
1043.0,0.006096816802326504
1043.9999999999998,0.0059649239119817545
1044.9999999999998,0.005835552513847247
1045.9999999999998,0.005708662456005235
1046.9999999999998,0.00558421412465256
1048.0,0.005462168437820787
1049.0,0.005342486839164924
1050.0,0.005225131291820492
1050.9999999999998,0.00511006427232737
1051.9999999999998,0.004997248764620062
1053.0,0.004886648254084007
1054.0,0.004778226721676534
1054.9999999999998,0.004671948638112469
1056.0,0.0045677789581129394
1056.9999999999998,0.0044656831147176865
1057.9999999999998,0.0043656270136588435
1059.0,0.004267577027797197
1060.0,0.004171499991618678
1060.9999999999998,0.004077363195791486
1061.9999999999998,0.003985134381782521
1062.9999999999998,0.0038947817365331794
1064.0,0.0038062738871933455
1065.0,0.003719579895913015
1066.0,0.003634669254691162
1067.0,0.0035515118802807904
1067.9999999999998,0.003470078109150536
1068.9999999999998,0.0033903386925007656
1070.0,0.0033122647913350753
1071.0,0.00323582797158546
1071.9999999999998,0.0031610001992911467
1073.0,0.003087753835830517
1073.9999999999998,0.003016061633205295
1074.9999999999998,0.0029458967293765643
1076.0,0.0028772326436522612
1077.0,0.0028100432721252146
1077.9999999999998,0.002744302883161502
1078.9999999999998,0.002679986112938296
1079.9999999999998,0.002617067961031312
1081.0,0.002555523786050177
1082.0,0.002495329301322427
1082.9999999999998,0.0024364605706251614
1084.0,0.0023788940039629787
1084.9999999999998,0.0023226063533936204
1085.9999999999998,0.0022675747088986716
1087.0,0.0022137764943006124
1088.0,0.002161189463224458
1088.9999999999998,0.002109791695104209
1089.9999999999998,0.0020595615912334738
1090.9999999999998,0.0020104778708597585
1091.9999999999998,0.0019625195673217844
1093.0,0.0019156660242298986
1094.0,0.0018698968916882907
1095.0,0.001825192122559554
1095.9999999999998,0.0017815319687702119
1096.9999999999998,0.0017388969776574875
1098.0,0.0016972679883563862
1099.0,0.0016566261282269284
1099.9999999999998,0.0016169528093211243
1101.0,0.0015782297248889134
1101.9999999999998,0.0015404388459232202
1102.9999999999998,0.0015035624177430536
1104.0,0.001467582956615025
1105.0,0.0014324832464119954
1105.9999999999998,0.0013982463353090864
1106.9999999999998,0.0013648555325165557
1107.9999999999998,0.0013322944050488351
1108.9999999999998,0.0013005467745296898
1110.0,0.0012695967140329612
1111.0,0.0012394285449585723
1112.0,0.0012100268339431852
1112.9999999999998,0.0011813763898055173
1113.9999999999998,0.0011534622605256814
1115.0,0.0011262697302582853
1116.0,0.0010997843163788464
1116.9999999999998,0.0010739917665632361
1118.0,0.001048878055899631
1118.9999999999998,0.0010244293840332925
1119.9999999999998,0.001000632172342514
1121.0,0.0009774730611468096
1122.0,0.0009549389069460764
1122.9999999999998,0.0009330167796907659
1123.9999999999998,0.0009116939600825809
1124.9999999999998,0.0008909579369056321
1126.0,0.0008707964043873277
1127.0,0.0008511972595889473
1127.9999999999998,0.0008321485998255967
1129.0,0.0008136387201149758
1129.9999999999998,0.0007956561106549645
1130.9999999999998,0.0007781894543296417
1132.0,0.0007612276242430358
1133.0,0.0007447596812809725
1133.9999999999998,0.0007287748717001199
1134.9999999999998,0.000713262624744422
1135.9999999999998,0.0006982125502881394
1136.9999999999998,0.0006836144365056406
1138.0,0.0006694582475674032
1139.0,0.0006557341213620596
1139.9999999999998,0.000642432367244008
1140.9999999999998,0.0006295434638066288
1141.9999999999998,0.0006170580566806988
1143.0,0.0006049669563573847
1144.0,0.0005932611360362202
1144.9999999999998,0.000581931729497175
1146.0,0.0005709700289969949
1146.9999999999998,0.0005603674831891609
1147.9999999999998,0.0005501156950675569
1149.0,0.0005402064199334952
1150.0,0.0005306315633855494
1150.9999999999998,0.0005213831793325083
1151.9999999999998,0.0005124534680286125
1152.9999999999998,0.0005038347741312808
1153.9999999999998,0.0004955195847808145
1155.0,0.0004875005277019545
1156.0,0.000479770369327009
1157.0,0.000472322012940418
1157.9999999999998,0.00046514849684423256
1158.9999999999998,0.00045824299254480934
1160.0,0.00045159880295983376
1161.0,0.00044520936064599474
1161.9999999999998,0.00043906822604683205
1163.0,0.00043316908576050304
1163.9999999999998,0.00042750575082745154
1164.9999999999998,0.0004220721550374633
1166.0,0.0004168623532563227
1167.0,0.0004118705197713689
1167.9999999999998,0.000407090946656034
1168.9999999999998,0.0004025180421532252
1169.9999999999998,0.00039814632907711093
1170.9999999999998,0.00039397044323320263
1172.0,0.00038998513185667
1172.9999999999998,0.00038618525206845914
1174.0,0.00038256576934917987
1174.9999999999998,0.0003791217560305348
1175.9999999999998,0.0003758483898040253
1177.0,0.0003727409522468926
1178.0,0.00036979482736495964
1178.9999999999998,0.0003670055001522538
1179.9999999999998,0.00036436855516721136
1180.9999999999998,0.00036187967512534984
1181.9999999999998,0.0003595346395081123
1183.0,0.00035732932318775036
1184.0,0.00035525969506820234
1184.9999999999998,0.0003533218167415033
1185.9999999999998,0.0003515118411598372
1186.9999999999998,0.0003498260113230039
1188.0,0.000348260658980933
1189.0,0.00034681220335133284
1189.9999999999998,0.00034547714985219447
1191.0,0.00034425208884895236
1191.9999999999998,0.0003431336944162392
1192.9999999999998,0.0003421187231140046
1194.0,0.00034120401277786065
1195.0,0.0003403864813234937
1195.9999999999998,0.0003396631255649471
1196.9999999999998,0.0003390310200468539
1197.9999999999998,0.0003384873158899921
1198.9999999999998,0.00033802923965057694
1200.0,0.0003376540921927234
